
{
  "header": {
    "reportVersion": 1,
    "event": "Allocation failed - JavaScript heap out of memory",
    "trigger": "FatalError",
    "filename": "report.20200622.011754.10992.0.001.json",
    "dumpEventTime": "2020-06-22T01:17:54Z",
    "dumpEventTimeStamp": "1592777874705",
    "processId": 10992,
    "cwd": "K:\\Resume bot",
    "commandLine": [
      "node",
      "bo2.js"
    ],
    "nodejsVersion": "v12.16.1",
    "wordSize": 64,
    "arch": "x64",
    "platform": "win32",
    "componentVersions": {
      "node": "12.16.1",
      "v8": "7.8.279.23-node.31",
      "uv": "1.34.0",
      "zlib": "1.2.11",
      "brotli": "1.0.7",
      "ares": "1.15.0",
      "modules": "72",
      "nghttp2": "1.40.0",
      "napi": "5",
      "llhttp": "2.0.4",
      "http_parser": "2.9.3",
      "openssl": "1.1.1d",
      "cldr": "35.1",
      "icu": "64.2",
      "tz": "2019c",
      "unicode": "12.1"
    },
    "release": {
      "name": "node",
      "lts": "Erbium",
      "headersUrl": "https://nodejs.org/download/release/v12.16.1/node-v12.16.1-headers.tar.gz",
      "sourceUrl": "https://nodejs.org/download/release/v12.16.1/node-v12.16.1.tar.gz",
      "libUrl": "https://nodejs.org/download/release/v12.16.1/win-x64/node.lib"
    },
    "osName": "Windows_NT",
    "osRelease": "10.0.18362",
    "osVersion": "Windows 10 Pro",
    "osMachine": "x86_64",
    "cpus": [
      {
        "model": "Intel(R) Core(TM) i7-7600U CPU @ 2.80GHz",
        "speed": 2904,
        "user": 5822578,
        "nice": 0,
        "sys": 6506687,
        "idle": 21856968,
        "irq": 640171
      },
      {
        "model": "Intel(R) Core(TM) i7-7600U CPU @ 2.80GHz",
        "speed": 2904,
        "user": 5592406,
        "nice": 0,
        "sys": 5461500,
        "idle": 23131859,
        "irq": 97500
      },
      {
        "model": "Intel(R) Core(TM) i7-7600U CPU @ 2.80GHz",
        "speed": 2904,
        "user": 6394359,
        "nice": 0,
        "sys": 5961062,
        "idle": 21830343,
        "irq": 67640
      },
      {
        "model": "Intel(R) Core(TM) i7-7600U CPU @ 2.80GHz",
        "speed": 2904,
        "user": 6013062,
        "nice": 0,
        "sys": 5750578,
        "idle": 22422125,
        "irq": 50156
      }
    ],
    "networkInterfaces": [
      {
        "name": "Wi-Fi 2",
        "internal": false,
        "mac": "da:fd:9e:bb:56:d8",
        "address": "192.168.43.94",
        "netmask": "255.255.255.0",
        "family": "IPv4"
      },
      {
        "name": "Loopback Pseudo-Interface 1",
        "internal": true,
        "mac": "00:00:00:00:00:00",
        "address": "::1",
        "netmask": "ffff:ffff:ffff:ffff:ffff:ffff:ffff:ffff",
        "family": "IPv6",
        "scopeid": 0
      },
      {
        "name": "Loopback Pseudo-Interface 1",
        "internal": true,
        "mac": "00:00:00:00:00:00",
        "address": "127.0.0.1",
        "netmask": "255.0.0.0",
        "family": "IPv4"
      },
      {
        "name": "vEthernet (Default Switch)",
        "internal": false,
        "mac": "00:15:5d:be:4f:93",
        "address": "fe80::d53:39a1:925f:dca",
        "netmask": "ffff:ffff:ffff:ffff::",
        "family": "IPv6",
        "scopeid": 52
      },
      {
        "name": "vEthernet (Default Switch)",
        "internal": false,
        "mac": "00:15:5d:be:4f:93",
        "address": "192.168.78.81",
        "netmask": "255.255.255.240",
        "family": "IPv4"
      }
    ],
    "host": "Mako"
  },
  "javascriptStack": {
    "message": "No stack.",
    "stack": [
      "Unavailable."
    ]
  },
  "nativeStack": [
    {
      "pc": "0x00007ff79c8d19f9",
      "symbol": "std::basic_ostream<char,std::char_traits<char> >::operator<<+10873"
    },
    {
      "pc": "0x00007ff79c8d5e1c",
      "symbol": "std::basic_ostream<char,std::char_traits<char> >::operator<<+28316"
    },
    {
      "pc": "0x00007ff79c8d4dd8",
      "symbol": "std::basic_ostream<char,std::char_traits<char> >::operator<<+24152"
    },
    {
      "pc": "0x00007ff79c9d34cb",
      "symbol": "v8::base::CPU::has_sse+38363"
    },
    {
      "pc": "0x00007ff79d1e9f4e",
      "symbol": "v8::Isolate::ReportExternalAllocationLimitReached+94"
    },
    {
      "pc": "0x00007ff79d1d2021",
      "symbol": "v8::SharedArrayBuffer::Externalize+833"
    },
    {
      "pc": "0x00007ff79d09e57c",
      "symbol": "v8::internal::Heap::EphemeronKeyWriteBarrierFromCode+1436"
    },
    {
      "pc": "0x00007ff79d0a6521",
      "symbol": "v8::internal::Heap::PageFlagsAreConsistent+3761"
    },
    {
      "pc": "0x00007ff79d09bb13",
      "symbol": "v8::internal::Heap::CollectGarbage+1283"
    },
    {
      "pc": "0x00007ff79d09a184",
      "symbol": "v8::internal::Heap::AddRetainedMap+2452"
    },
    {
      "pc": "0x00007ff79d0bb36d",
      "symbol": "v8::internal::Factory::NewFillerObject+61"
    },
    {
      "pc": "0x00007ff79ce20c51",
      "symbol": "v8::internal::interpreter::JumpTableTargetOffsets::iterator::operator=+1665"
    },
    {
      "pc": "0x00007ff79d634ddd",
      "symbol": "v8::internal::SetupIsolateDelegate::SetupHeap+546637"
    },
    {
      "pc": "0x00007ff79d5bb281",
      "symbol": "v8::internal::SetupIsolateDelegate::SetupHeap+48113"
    },
    {
      "pc": "0x0000007a98c47f9e",
      "symbol": ""
    }
  ],
  "javascriptHeap": {
    "totalMemory": 6537216,
    "totalCommittedMemory": 6537216,
    "usedMemory": 5445480,
    "availableMemory": 2192783032,
    "memoryLimit": 2197815296,
    "heapSpaces": {
      "read_only_space": {
        "memorySize": 262144,
        "committedMemory": 262144,
        "capacity": 32808,
        "used": 32808,
        "available": 0
      },
      "new_space": {
        "memorySize": 1048576,
        "committedMemory": 1048576,
        "capacity": 1047456,
        "used": 1047360,
        "available": 96
      },
      "old_space": {
        "memorySize": 3817472,
        "committedMemory": 3817472,
        "capacity": 3804432,
        "used": 3498152,
        "available": 306280
      },
      "code_space": {
        "memorySize": 430080,
        "committedMemory": 430080,
        "capacity": 181024,
        "used": 173024,
        "available": 8000
      },
      "map_space": {
        "memorySize": 528384,
        "committedMemory": 528384,
        "capacity": 441200,
        "used": 298080,
        "available": 143120
      },
      "large_object_space": {
        "memorySize": 401408,
        "committedMemory": 401408,
        "capacity": 393272,
        "used": 393272,
        "available": 0
      },
      "code_large_object_space": {
        "memorySize": 49152,
        "committedMemory": 49152,
        "capacity": 2784,
        "used": 2784,
        "available": 0
      },
      "new_large_object_space": {
        "memorySize": 0,
        "committedMemory": 0,
        "capacity": 1047456,
        "used": 0,
        "available": 1047456
      }
    }
  },
  "resourceUsage": {
    "userCpuSeconds": 0.687,
    "kernelCpuSeconds": 0.421,
    "cpuConsumptionPercent": 4.1037,
    "maxRss": 51232768,
    "pageFaults": {
      "IORequired": 16687,
      "IONotRequired": 0
    },
    "fsActivity": {
      "reads": 4033,
      "writes": 171
    }
  },
  "libuv": [
  ],
  "environmentVariables": {
    "=::": "::\\",
    "=ExitCode": "00000001",
    "=K:": "K:\\Resume bot",
    "ALLUSERSPROFILE": "C:\\ProgramData",
    "APPDATA": "C:\\Users\\Mako\\AppData\\Roaming",
    "CommonProgramFiles": "C:\\Program Files\\Common Files",
    "CommonProgramFiles(x86)": "C:\\Program Files (x86)\\Common Files",
    "CommonProgramW6432": "C:\\Program Files\\Common Files",
    "COMPUTERNAME": "MAKO",
    "ComSpec": "C:\\WINDOWS\\system32\\cmd.exe",
    "DriverData": "C:\\Windows\\System32\\Drivers\\DriverData",
    "FPS_BROWSER_APP_PROFILE_STRING": "Internet Explorer",
    "FPS_BROWSER_USER_PROFILE_STRING": "Default",
    "HOMEDRIVE": "C:",
    "HOMEPATH": "\\Users\\Mako",
    "LOCALAPPDATA": "C:\\Users\\Mako\\AppData\\Local",
    "LOGONSERVER": "\\\\MAKO",
    "NUMBER_OF_PROCESSORS": "4",
    "OneDrive": "C:\\Users\\Mako\\OneDrive",
    "OneDriveConsumer": "C:\\Users\\Mako\\OneDrive",
    "OS": "Windows_NT",
    "Path": "C:\\Program Files (x86)\\Razer Chroma SDK\\bin;C:\\Program Files\\Razer Chroma SDK\\bin;C:\\Program Files (x86)\\Razer\\ChromaBroadcast\\bin;C:\\Program Files\\Razer\\ChromaBroadcast\\bin;C:\\WINDOWS\\system32;C:\\WINDOWS;C:\\WINDOWS\\System32\\Wbem;C:\\WINDOWS\\System32\\WindowsPowerShell\\v1.0\\;C:\\Program Files\\Git\\cmd;C:\\Program Files\\PuTTY\\;C:\\WINDOWS\\System32\\OpenSSH\\;C:\\Program Files (x86)\\Calibre2\\;C:\\WINDOWS\\system32\\config\\systemprofile\\AppData\\Local\\Microsoft\\WindowsApps;;C:\\WINDOWS\\system32;C:\\WINDOWS;C:\\WINDOWS\\System32\\Wbem;C:\\WINDOWS\\System32\\WindowsPowerShell\\v1.0\\;C:\\WINDOWS\\System32\\OpenSSH\\;C:\\Program Files\\Microsoft SQL Server\\Client SDK\\ODBC\\170\\Tools\\Binn\\;C:\\Program Files (x86)\\Microsoft SQL Server\\150\\Tools\\Binn\\;C:\\Program Files\\Microsoft SQL Server\\150\\Tools\\Binn\\;C:\\Program Files\\Microsoft SQL Server\\150\\DTS\\Binn\\;C:\\Program Files\\dotnet\\;C:\\Program Files (x86)\\Microsoft SQL Server\\150\\DTS\\Binn\\;C:\\Program Files\\nodejs\\;C:\\Program Files\\Docker\\Docker\\resources\\bin;C:\\ProgramData\\DockerDesktop\\version-bin;C:\\Users\\Mako\\.windows-build-tools\\python27\\;C:\\Users\\Mako\\AppData\\Local\\Microsoft\\WindowsApps;C:\\Program Files\\Microsoft VS Code\\bin;C:\\Program Files\\MongoDB\\Server\\3.6\\bin;C:\\Users\\Mako\\AppData\\Local\\atom\\bin;C:\\Python27;C:\\Users\\Mako\\AppData\\Local\\Programs\\Microsoft VS Code\\bin;C:\\Users\\Mako\\AppData\\Local\\Microsoft\\WindowsApps;C:\\Users\\Mako\\AppData\\Local\\GitHubDesktop\\bin;C:\\Users\\Mako\\AppData\\Roaming\\npm",
    "PATHEXT": ".COM;.EXE;.BAT;.CMD;.VBS;.VBE;.JS;.JSE;.WSF;.WSH;.MSC",
    "PROCESSOR_ARCHITECTURE": "AMD64",
    "PROCESSOR_IDENTIFIER": "Intel64 Family 6 Model 142 Stepping 9, GenuineIntel",
    "PROCESSOR_LEVEL": "6",
    "PROCESSOR_REVISION": "8e09",
    "ProgramData": "C:\\ProgramData",
    "ProgramFiles": "C:\\Program Files",
    "ProgramFiles(x86)": "C:\\Program Files (x86)",
    "ProgramW6432": "C:\\Program Files",
    "PROMPT": "$P$G",
    "PSModulePath": "C:\\Program Files\\WindowsPowerShell\\Modules;C:\\WINDOWS\\system32\\WindowsPowerShell\\v1.0\\Modules;C:\\Program Files (x86)\\Microsoft SQL Server\\150\\Tools\\PowerShell\\Modules\\",
    "PUBLIC": "C:\\Users\\Public",
    "SESSIONNAME": "Console",
    "SHOW": "true",
    "SystemDrive": "C:",
    "SystemRoot": "C:\\WINDOWS",
    "TEMP": "C:\\Users\\Mako\\AppData\\Local\\Temp",
    "THREADS": "3",
    "TMP": "C:\\Users\\Mako\\AppData\\Local\\Temp",
    "USERDOMAIN": "MAKO",
    "USERDOMAIN_ROAMINGPROFILE": "MAKO",
    "USERNAME": "Mako",
    "USERPROFILE": "C:\\Users\\Mako",
    "VBOX_MSI_INSTALL_PATH": "C:\\Program Files\\Oracle\\VirtualBox\\",
    "windir": "C:\\WINDOWS"
  },
  "sharedObjects": [
    "C:\\Program Files\\nodejs\\node.exe",
    "C:\\WINDOWS\\SYSTEM32\\ntdll.dll",
    "C:\\WINDOWS\\System32\\KERNEL32.DLL",
    "C:\\WINDOWS\\System32\\KERNELBASE.dll",
    "C:\\WINDOWS\\System32\\WS2_32.dll",
    "C:\\WINDOWS\\System32\\RPCRT4.dll",
    "C:\\WINDOWS\\SYSTEM32\\dbghelp.dll",
    "C:\\WINDOWS\\System32\\PSAPI.DLL",
    "C:\\WINDOWS\\System32\\ucrtbase.dll",
    "C:\\WINDOWS\\SYSTEM32\\IPHLPAPI.DLL",
    "C:\\WINDOWS\\System32\\ADVAPI32.dll",
    "C:\\WINDOWS\\System32\\msvcrt.dll",
    "C:\\WINDOWS\\SYSTEM32\\USERENV.dll",
    "C:\\WINDOWS\\System32\\sechost.dll",
    "C:\\WINDOWS\\System32\\profapi.dll",
    "C:\\WINDOWS\\System32\\USER32.dll",
    "C:\\WINDOWS\\System32\\win32u.dll",
    "C:\\WINDOWS\\System32\\GDI32.dll",
    "C:\\WINDOWS\\System32\\gdi32full.dll",
    "C:\\WINDOWS\\System32\\msvcp_win.dll",
    "C:\\WINDOWS\\System32\\CRYPT32.dll",
    "C:\\WINDOWS\\System32\\MSASN1.dll",
    "C:\\WINDOWS\\System32\\bcrypt.dll",
    "C:\\WINDOWS\\SYSTEM32\\WINMM.dll",
    "C:\\WINDOWS\\SYSTEM32\\winmmbase.dll",
    "C:\\WINDOWS\\System32\\cfgmgr32.dll",
    "C:\\WINDOWS\\System32\\bcryptPrimitives.dll",
    "C:\\WINDOWS\\System32\\IMM32.DLL",
    "C:\\WINDOWS\\System32\\powrprof.dll",
    "C:\\WINDOWS\\System32\\UMPDC.dll",
    "C:\\WINDOWS\\SYSTEM32\\CRYPTBASE.DLL",
    "C:\\WINDOWS\\system32\\uxtheme.dll",
    "C:\\WINDOWS\\System32\\combase.dll",
    "C:\\WINDOWS\\system32\\mswsock.dll",
    "C:\\WINDOWS\\System32\\kernel.appcore.dll",
    "C:\\WINDOWS\\System32\\NSI.dll",
    "C:\\WINDOWS\\SYSTEM32\\dhcpcsvc6.DLL",
    "C:\\WINDOWS\\SYSTEM32\\dhcpcsvc.DLL",
    "C:\\WINDOWS\\SYSTEM32\\DNSAPI.dll",
    "C:\\WINDOWS\\system32\\napinsp.dll",
    "C:\\WINDOWS\\system32\\pnrpnsp.dll",
    "C:\\WINDOWS\\System32\\winrnr.dll",
    "C:\\WINDOWS\\system32\\NLAapi.dll",
    "C:\\WINDOWS\\system32\\wshbth.dll"
  ]
}